{"cameraMode":{"drawMode":0,"name":"Shaded","section":"Shading Mode"},"sceneLighting":true,"audioPlay":false,"sceneViewState":{"showFog":true,"showMaterialUpdate":false,"showSkybox":true,"showFlares":true,"showImageEffects":true,"showParticleSystems":true},"in2DMode":false,"pivot":{"x":-25.593149185180665,"y":5.372343063354492,"z":-43.8294677734375},"rotation":{"x":0.0017784537049010397,"y":0.9714533686637878,"z":0.007285457570105791,"w":-0.2371121495962143},"size":60.847991943359378,"orthographic":false}