{"cameraMode":{"drawMode":0,"name":"Shaded","section":"Shading Mode"},"sceneLighting":false,"audioPlay":false,"sceneViewState":{"showFog":true,"showMaterialUpdate":false,"showSkybox":true,"showFlares":true,"showImageEffects":true,"showParticleSystems":true},"in2DMode":false,"pivot":{"x":0.049000002443790439,"y":2.2311365604400636,"z":-3.287950038909912},"rotation":{"x":0.0017784537049010397,"y":0.9714533686637878,"z":0.007285457570105791,"w":-0.2371121495962143},"size":1.0566461086273194,"orthographic":false}