{"cameraMode":{"drawMode":0,"name":"Shaded","section":"Shading Mode"},"sceneLighting":true,"audioPlay":false,"sceneViewState":{"showFog":true,"showMaterialUpdate":false,"showSkybox":true,"showFlares":true,"showImageEffects":true,"showParticleSystems":true},"in2DMode":false,"pivot":{"x":-268.08135986328127,"y":5.361929893493652,"z":-118.78577423095703},"rotation":{"x":-0.0034081237390637399,"y":0.8418759107589722,"z":-0.0053107948042452339,"w":-0.5396342873573303},"size":311.3363952636719,"orthographic":false}