{"cameraMode":{"drawMode":0,"name":"Shaded","section":"Shading Mode"},"sceneLighting":false,"audioPlay":false,"sceneViewState":{"showFog":true,"showMaterialUpdate":false,"showSkybox":true,"showFlares":true,"showImageEffects":true,"showParticleSystems":true},"in2DMode":false,"pivot":{"x":0.049000002443790439,"y":2.2311365604400636,"z":-3.287950038909912},"rotation":{"x":0.03404119238257408,"y":-0.9114204049110413,"z":0.07702341675758362,"w":0.4027673900127411},"size":1.0566461086273194,"orthographic":false}