{"cameraMode":{"drawMode":0,"name":"Shaded","section":"Shading Mode"},"sceneLighting":true,"audioPlay":false,"sceneViewState":{"showFog":true,"showMaterialUpdate":false,"showSkybox":true,"showFlares":true,"showImageEffects":true,"showParticleSystems":true},"in2DMode":false,"pivot":{"x":-1.5100003480911255,"y":8.010000228881836,"z":0.3899998664855957},"rotation":{"x":-0.0994478315114975,"y":0.8920104503631592,"z":-0.23968352377414704,"w":-0.3701072931289673},"size":9.504054069519043,"orthographic":false}