{"cameraMode":{"drawMode":0,"name":"Shaded","section":"Shading Mode"},"sceneLighting":false,"audioPlay":false,"sceneViewState":{"showFog":true,"showMaterialUpdate":false,"showSkybox":true,"showFlares":true,"showImageEffects":true,"showParticleSystems":true},"in2DMode":false,"pivot":{"x":0.5199999809265137,"y":8.010000228881836,"z":-2.4800000190734865},"rotation":{"x":-0.13392174243927003,"y":0.8645769357681274,"z":-0.31393903493881228,"w":-0.3688007891178131},"size":3.6075522899627687,"orthographic":false}